title,type,calories,fat,carb,protein,NER,unit,quantity,link,directions,ingredients
No-Bake Nut Cookies,Breakfast,260,18,24,2,"[""brown sugar"", ""milk"", ""vanilla"", ""nuts"", ""butter"", ""bite size shredded rice biscuits""]","['c', 'c', 'tsp', 'c', 'tbsp', 'c']","['1', '1/2', '1/2', '1/2', '2', '3 1/2']",www.cookbooks.com/Recipe-Details.aspx?id=44874,"[""In a heavy 2-quart saucepan, mix brown sugar, nuts, evaporated milk and butter or margarine."", ""Stir over medium heat until mixture bubbles all over top."", ""Boil and stir 5 minutes more. Take off heat."", ""Stir in vanilla and cereal; mix well."", ""Using 2 teaspoons, drop and shape into 30 clusters on wax paper."", ""Let stand until firm, about 30 minutes.""]","[""1 c. firmly packed brown sugar"", ""1/2 c. evaporated milk"", ""1/2 tsp. vanilla"", ""1/2 c. broken nuts (pecans)"", ""2 Tbsp. butter or margarine"", ""3 1/2 c. bite size shredded rice biscuits""]"
Jewell Ball's Chicken,Lunch,960,36,96,48,"[""beef"", ""chicken breasts"", ""cream of mushroom soup"", ""sour cream""]","['none', 'none', 'can', 'carton']","['1', '4', '1', '1']",www.cookbooks.com/Recipe-Details.aspx?id=699419,"[""Place chipped beef on bottom of baking dish."", ""Place chicken on top of beef."", ""Mix soup and cream together; pour over chicken. Bake, uncovered, at 275\u00b0 for 3 hours.""]","[""1 small jar chipped beef, cut up"", ""4 boned chicken breasts"", ""1 can cream of mushroom soup"", ""1 carton sour cream""]"
Creamy Corn,Dinner,368,2,92,10,"[""frozen corn"", ""cream cheese"", ""butter"", ""garlic powder"", ""salt"", ""pepper""]","['oz', 'oz', 'c', 'tsp', 'tsp', 'tsp']","['16', '8', '1/3', '1/2', '1/2', '1/4']",www.cookbooks.com/Recipe-Details.aspx?id=10570,"[""In a slow cooker, combine all ingredients. Cover and cook on low for 4 hours or until heated through and cheese is melted. Stir well before serving. Yields 6 servings.""]","[""2 (16 oz.) pkg. frozen corn"", ""1 (8 oz.) pkg. cream cheese, cubed"", ""1/3 c. butter, cubed"", ""1/2 tsp. garlic powder"", ""1/2 tsp. salt"", ""1/4 tsp. pepper""]"
Chicken Funny,Lunch,656,46,10,56,"[""chicken"", ""chicken gravy"", ""cream of mushroom soup"", ""shredded cheese""]","['none', 'oz', 'oz', 'oz', 'oz']","['1', '10 1/2', '10 1/2', '6', '4']",www.cookbooks.com/Recipe-Details.aspx?id=897570,"[""Boil and debone chicken."", ""Put bite size pieces in average size square casserole dish."", ""Pour gravy and cream of mushroom soup over chicken; level."", ""Make stuffing according to instructions on box (do not make too moist)."", ""Put stuffing on top of chicken and gravy; level."", ""Sprinkle shredded cheese on top and bake at 350\u00b0 for approximately 20 minutes or until golden and bubbly.""]","[""1 large whole chicken"", ""2 (10 1/2 oz.) cans chicken gravy"", ""1 (10 1/2 oz.) can cream of mushroom soup"", ""1 (6 oz.) box Stove Top stuffing"", ""4 oz. shredded cheese""]"
Reese's Cups (Candy),Breakfast,460,28,48,10,"[""peanut butter"", ""graham cracker crumbs"", ""butter"", ""powdered sugar"", ""chocolate chips""]","['c', 'c', 'c', 'lb', 'none']","['1', '3/4', '1', '1', '1']",www.cookbooks.com/Recipe-Details.aspx?id=659239,"[""Combine first four ingredients and press in 13 x 9-inch ungreased pan."", ""Melt chocolate chips and spread over mixture. Refrigerate for about 20 minutes and cut into pieces before chocolate gets hard."", ""Keep in refrigerator.""]","[""1 c. peanut butter"", ""3/4 c. graham cracker crumbs"", ""1 c. melted butter"", ""1 lb. (3 1/2 c.) powdered sugar"", ""1 large pkg. chocolate chips""]"
Cheeseburger Potato Soup,Dinner,210,8,28,8,"[""baking potatoes"", ""extra lean ground beef"", ""butter"", ""milk"", ""salt"", ""pepper"", ""Cheddar cheese"", ""bacon"", ""green onion"", ""sour cream""]","['none', 'lb', 'c', 'c', 'tsp', 'tsp', 'c', 'slice', 'none', 'oz']","['6', '1', '2/3', '6', '3/4', '1/2', '1 1/2', '12', '4', '8']",www.cookbooks.com/Recipe-Details.aspx?id=20115,"[""Wash potatoes; prick several times with a fork."", ""Microwave them with a wet paper towel covering the potatoes on high for 6-8 minutes."", ""The potatoes should be soft, ready to eat."", ""Let them cool enough to handle."", ""Cut in half lengthwise; scoop out pulp and reserve."", ""Discard shells."", ""Brown ground beef until done."", ""Drain any grease from the meat."", ""Set aside when done."", ""Meat will be added later."", ""Melt butter in a large kettle over low heat; add flour, stirring until smooth."", ""Cook 1 minute, stirring constantly. Gradually add milk; cook over medium heat, stirring constantly, until thickened and bubbly."", ""Stir in potato, ground beef, salt, pepper, 1 cup of cheese, 2 tablespoons of green onion and 1/2 cup of bacon."", ""Cook until heated (do not boil)."", ""Stir in sour cream if desired; cook until heated (do not boil)."", ""Sprinkle with remaining cheese, bacon and green onions.""]","[""6 baking potatoes"", ""1 lb. of extra lean ground beef"", ""2/3 c. butter or margarine"", ""6 c. milk"", ""3/4 tsp. salt"", ""1/2 tsp. pepper"", ""1 1/2 c (6 oz.) shredded Cheddar cheese, divided"", ""12 sliced bacon, cooked, crumbled and divided"", ""4 green onion, chopped and divided"", ""1 (8 oz.) carton sour cream (optional)""]"
Rhubarb Coffee Cake,Breakfast,376,12,60,8,"[""sugar"", ""butter"", ""egg"", ""buttermilk"", ""flour"", ""salt"", ""soda"", ""buttermilk"", ""rhubarb"", ""vanilla""]","['c', 'c', 'none', 'c', 'c', 'tsp', 'tsp', 'c', 'c', 'tsp']","['1 1/2', '1/2', '1', '1', '2', '1/2', '1', '1', '2', '1']",www.cookbooks.com/Recipe-Details.aspx?id=210288,"[""Cream sugar and butter."", ""Add egg and beat well."", ""To creamed butter, sugar and egg, add alternately buttermilk with mixture of flour, salt and soda."", ""Mix well."", ""Add rhubarb and vanilla."", ""Pour into greased 9 x 13-inch pan and add Topping.""]","[""1 1/2 c. sugar"", ""1/2 c. butter"", ""1 egg"", ""1 c. buttermilk"", ""2 c. flour"", ""1/2 tsp. salt"", ""1 tsp. soda"", ""1 c. buttermilk"", ""2 c. rhubarb, finely cut"", ""1 tsp. vanilla""]"
Scalloped Corn,Dinner,514,22,68,20,"[""cream-style corn"", ""whole kernel corn"", ""crackers"", ""egg"", ""butter"", ""pepper""]","['can', 'can', 'pkg', 'none', 'tsp', 'none']","['1', '1', '1/2', '1', '6', 'none']",www.cookbooks.com/Recipe-Details.aspx?id=876969,"[""Mix together both cans of corn, crackers, egg, 2 teaspoons of melted butter and pepper and place in a buttered baking dish."", ""Dot with remaining 4 teaspoons of butter."", ""Bake at 350\u00b0 for 1 hour.""]","[""1 can cream-style corn"", ""1 can whole kernel corn"", ""1/2 pkg. (approximately 20) saltine crackers, crushed"", ""1 egg, beaten"", ""6 tsp. butter, divided"", ""pepper to taste""]"
Nolan's Pepper Steak,Dinner,560,40,0,44,"[""tomatoes"", ""water"", ""onions"", ""Worcestershire sauce"", ""green peppers"", ""oil""]","['lb', 'can', 'c', 'c', 'tbsp', 'none', 'c']","['1 1/2', '1', '1 3/4', '1/2', '1 1/2', '2', '1/4']",www.cookbooks.com/Recipe-Details.aspx?id=375254,"[""Roll steak strips in flour."", ""Brown in skillet."", ""Salt and pepper."", ""Combine tomato liquid, water, onions and browned steak. Cover and simmer for one and a quarter hours."", ""Uncover and stir in Worcestershire sauce."", ""Add tomatoes, green peppers and simmer for 5 minutes."", ""Serve over hot cooked rice.""]","[""1 1/2 lb. round steak (1-inch thick), cut into strips"", ""1 can drained tomatoes, cut up (save liquid)"", ""1 3/4 c. water"", ""1/2 c. onions"", ""1 1/2 Tbsp. Worcestershire sauce"", ""2 green peppers, diced"", ""1/4 c. oil""]"
Millionaire Pie,Breakfast,768,50,80,6,"[""pineapple"", ""condensed milk"", ""lemons"", ""pecans"", ""graham cracker crusts""]","['none', 'none', 'can', 'none', 'c', 'none']","['1', '1', '1', '3', '1', '2']",www.cookbooks.com/Recipe-Details.aspx?id=794547,"[""Empty Cool Whip into a bowl."", ""Drain juice from pineapple."", ""Mix Cool Whip and pineapple."", ""Add condensed milk."", ""Squeeze lemons, remove seeds and add to Cool Whip and pineapple."", ""Chop nuts into small pieces and add to mixture."", ""Stir all ingredients together and mix well."", ""Pour into a graham cracker crust."", ""Use top from crust to cover top of pie."", ""Chill overnight."", ""Makes 2 pies.""]","[""1 large container Cool Whip"", ""1 large can crushed pineapple"", ""1 can condensed milk"", ""3 lemons"", ""1 c. pecans"", ""2 graham cracker crusts""]"
Double Cherry Delight,Breakfast,240,8,60,4,"[""dark sweet pitted cherries"", ""ginger ale"", ""flavor gelatin"", ""boiling water"", ""almond extract"", ""marshmallows""]","['oz', 'c', 'oz', 'c', 'tsp', 'c']","['17', '1/2', '6', '2', '1/8', '1']",www.cookbooks.com/Recipe-Details.aspx?id=703381,"[""Drain cherries, measuring syrup."", ""Cut cherries in half."", ""Add ginger ale and enough water to syrup to make 1 1/2 cups."", ""Dissolve gelatin in boiling water."", ""Add measured liquid and almond extract. Chill until very thick."", ""Fold in marshmallows and the cherries. Spoon into 6-cup mold."", ""Chill until firm, at least 4 hours or overnight."", ""Unmold."", ""Makes about 5 1/3 cups.""]","[""1 (17 oz.) can dark sweet pitted cherries"", ""1/2 c. ginger ale"", ""1 (6 oz.) pkg. Jell-O cherry flavor gelatin"", ""2 c. boiling water"", ""1/8 tsp. almond extract"", ""1 c. miniature marshmallows""]"
Buckeye Candy,Breakfast,80,0,20,0,"[""powdered sugar"", ""butter"", ""peanut butter"", ""paraffin"", ""chocolate chips""]","['box', 'oz', 'oz', 'none', 'oz']","['1', '8', '8', 'none', '12']",www.cookbooks.com/Recipe-Details.aspx?id=886785,"[""Mix sugar, butter and peanut butter."", ""Roll into balls and place on cookie sheet."", ""Set in freezer for at least 30 minutes. Melt chocolate chips and paraffin in double boiler."", ""Using a toothpick, dip balls 3/4 of way into chocolate chip and paraffin mixture to make them look like buckeyes.""]","[""1 box powdered sugar"", ""8 oz. soft butter"", ""1 (8 oz.) peanut butter"", ""paraffin"", ""12 oz. chocolate chips""]"
Quick Barbecue Wings,Lunch,820,58,24,58,"[""chicken"", ""flour"", ""barbecue sauce""]","['none', 'none', 'none']","['none', 'none', 'none']",www.cookbooks.com/Recipe-Details.aspx?id=768311,"[""Clean wings."", ""Flour and fry until done."", ""Place fried chicken wings in microwave bowl."", ""Stir in barbecue sauce."", ""Microwave on High (stir once) for 4 minutes.""]","[""chicken wings (as many as you need for dinner)"", ""flour"", ""barbecue sauce (your choice)""]"
Taco Salad Chip Dip,Lunch,558,28,46,26,"[""taco sauce"", ""sour cream"", ""cream cheese"", ""ground beef"", ""taco seasoning"", ""shredded lettuce"", ""tomato"", ""onion"", ""green pepper"", ""Cheddar cheese""]","['oz', 'oz', 'oz', 'lb', 'pkg', 'none', 'none', 'none', 'none', 'none']","['8', '8', '8', '1', '1', 'none', '1', '1', '1', 'none']",www.cookbooks.com/Recipe-Details.aspx?id=806409,"[""Mix taco sauce, sour cream and cream cheese."", ""Spread on pizza pan."", ""Brown meat."", ""Drain off fat and add taco seasoning."", ""Spread over cream mixture."", ""Layer with raw vegetables."", ""Top with cheese. Serve with chips.""]","[""8 oz. Ortega taco sauce"", ""8 oz. sour cream"", ""8 oz. cream cheese"", ""1 lb. ground beef"", ""1 pkg. taco seasoning"", ""shredded lettuce"", ""1 large diced tomato"", ""1 medium diced onion"", ""1 large diced green pepper"", ""shredded Colby or Cheddar cheese""]"
Pink Stuff (Frozen Dessert),Breakfast,698,46,64,6,"[""pie filling"", ""pineapple"", ""condensed milk"", ""lemon juice""]","['can', 'can', 'can', 'oz', 'tbsp']","['1', '1', '1', '8', '2']",www.cookbooks.com/Recipe-Details.aspx?id=982483,"[""Mix all ingredients together."", ""Pour into a 9 x 13-inch pan. Freeze until firm."", ""Allow to set out approximately 15 minutes before serving.""]","[""1 can pie filling (cherry or strawberry)"", ""1 can crushed pineapple, drained"", ""1 can sweetened condensed milk"", ""1 (8 oz.) container thawed whipped topping"", ""2 Tbsp. lemon juice""]"
Fresh Strawberry Pie,Breakfast,772,32,116,8,"[""shell"", ""cleaned strawberries"", ""water"", ""cornstarch"", ""sugar"", ""salt"", ""strawberry jello""]","['none', 'qt', 'c', 'tbsp', 'c', 'tsp', 'tbsp']","['1', '1', '1 1/2', '4', '1', '1/8', '4']",www.cookbooks.com/Recipe-Details.aspx?id=161321,"[""Mix water, cornstarch, sugar and salt in saucepan."", ""Stir constantly and boil until thick and clear."", ""Remove from heat and stir in jello."", ""Set aside to cool."", ""But don't allow it to set. Layer strawberries in baked crust."", ""Pour cooled glaze over. Continue layering berries and glaze."", ""Refrigerate."", ""Serve with whipped cream.""]","[""1 baked pie shell"", ""1 qt. cleaned strawberries"", ""1 1/2 c. water"", ""4 Tbsp. cornstarch"", ""1 c. sugar"", ""1/8 tsp. salt"", ""4 Tbsp. strawberry jello""]"
Easy German Chocolate Cake,Breakfast,470,20,70,6,"[""chocolate fudge cake"", ""white cake"", ""Wesson oil""]","['pkg', 'pkg', 'c']","['1/2', '1/2', '1/4']",www.cookbooks.com/Recipe-Details.aspx?id=983179,"[""Mix according to directions and add oil."", ""Bake in 9 x 13-inch pan.""]","[""1/2 pkg. chocolate fudge cake mix without pudding or 1 Jiffy mix"", ""1/2 pkg. white cake mix without pudding or 1 Jiffy mix"", ""1/4 c. Wesson oil""]"
Broccoli Salad,Lunch,660,54,40,8,"[""broccoli"", ""bacon"", ""green onions"", ""raisins"", ""mayonnaise"", ""vinegar"", ""sugar""]","['none', 'slice', 'none', 'c', 'c', 'tbsp', 'c']","['1', '10', '5', '1/2', '1', '2', '1/4']",www.cookbooks.com/Recipe-Details.aspx?id=50992,"[""Trim off large leaves of broccoli and remove the tough ends of lower stalks. Wash the broccoli thoroughly. Cut the florets and stems into bite-size pieces. Place in a large bowl. Add bacon, onions and raisins. Combine remaining ingredients, stirring well. Add dressing to broccoli mixture and toss gently. Cover and refrigerate 2 to 3 hours. Makes about 6 servings.""]","[""1 large head broccoli (about 1 1/2 lb.)"", ""10 slices bacon, cooked and crumbled"", ""5 green onions, sliced or 1/4 c. chopped red onion"", ""1/2 c. raisins"", ""1 c. mayonnaise"", ""2 Tbsp. vinegar"", ""1/4 c. sugar""]"
Strawberry Whatever,Breakfast,556,46,50,10,"[""frozen strawberries"", ""pineapple"", ""bananas"", ""pecans"", ""strawberry"", ""boiling water"", ""sour cream""]","['lb', 'none', 'none', 'c', 'none', 'c', 'pt']","['1', '1', '3', '1', '1', '1 1/2', '1']",www.cookbooks.com/Recipe-Details.aspx?id=718063,"[""Mix Jell-O in boiling water."", ""Add strawberries, pineapple, crushed bananas and nuts."", ""Spread 1/2 mixture in 13 x 6 1/2-inch pan."", ""Allow to gel in freezer 30 minutes."", ""Add layer of sour cream, then remaining mixture on top."", ""Gel and serve.""]","[""1 lb. frozen strawberries in juice"", ""1 small can crushed pineapple"", ""3 ripe bananas"", ""1 c. chopped pecans"", ""1 large pkg. strawberry Jell-O"", ""1 1/2 c. boiling water"", ""1 pt. sour cream""]"
Eggless Milkless Applesauce Cake,Breakfast,622,22,102,6,"[""sugar"", ""shortening"", ""applesauce"", ""soda"", ""cinnamon"", ""flour"", ""raisins"", ""nuts""]","['c', 'c', 'c', 'none', 'tsp', 'c', 'c', 'c']","['3/4', '1/2', '1 1/2', '3', '1', '2', '1', '1']",www.cookbooks.com/Recipe-Details.aspx?id=343158,"[""Mix Crisco with applesauce, nuts and raisins."", ""Sift dry ingredients and add."", ""Mix well."", ""Put in a greased and floured loaf pan or tube pan."", ""Bake in loaf pan at 350\u00b0 to 375\u00b0 for 45 to 60 minutes, layer pan at 375\u00b0 for 20 minutes or tube pan at 325\u00b0 for 1 hour.""]","[""3/4 c. sugar"", ""1/2 c. shortening"", ""1 1/2 c. applesauce"", ""3 level tsp. soda"", ""1 tsp. each: cinnamon, cloves and nutmeg"", ""2 c. sifted flour"", ""1 c. raisins"", ""1 c. nuts""]"
Grandma Hanrath's Banana Bread,Breakfast,316,8,54,6,"[""sugar"", ""shortening"", ""eggs"", ""salt"", ""soda"", ""flour"", ""nuts"", ""bananas""]","['c', 'c', 'none', 'tsp', 'tsp', 'c', 'c', 'none']","['1', '1/2', '2', '1', '2', '2', '1/4', '2']",www.cookbooks.com/Recipe-Details.aspx?id=1072247,"[""Cream sugar and shortening."", ""Add eggs, salt and soda, then bananas and flour."", ""Add nuts."", ""Mix well."", ""Bake in loaf pan at 350\u00b0 for 1 hour.""]","[""1 c. sugar"", ""1/2 c. shortening"", ""2 eggs (add one at a time)"", ""1 tsp. salt"", ""2 tsp. soda"", ""2 c. flour"", ""1/4 c. nuts"", ""2 over-ripe bananas (chopped)""]"
Chocolate Frango Mints,Breakfast,380,28,46,4,"[""cake mix"", ""chocolate fudge pudding"", ""sour cream"", ""water"", ""Wesson oil"", ""eggs"", ""Frango""]","['pkg', 'pkg', 'oz', 'c', 'c', 'none', 'oz']","['1', '1', '8', '3/4', '1/2', '4', '6']",www.cookbooks.com/Recipe-Details.aspx?id=958474,"[""Mix ingredients together for 5 minutes."", ""Scrape bowl often. Last fold in chocolate chip mints."", ""Bake at 350\u00b0 for 35 to 40 minutes or until done (cake mix directions).""]","[""1 pkg. devil's food cake mix"", ""1 pkg. chocolate fudge pudding mix (instant)"", ""8 oz. sour cream"", ""3/4 c. water"", ""1/2 c. Wesson oil"", ""4 eggs"", ""6 oz. chopped Frango mints""]"
Cuddy Farms Marinated Turkey,Dinner,476,14,24,82,"[""vegetable oil"", ""soy sauce"", ""garlic""]","['c', 'c', 'c', 'none']","['2', '1', '1', 'none']",www.cookbooks.com/Recipe-Details.aspx?id=9449,"[""Buy whole turkey breast; remove all skin and bones. Cut into pieces about the size of your hand. Pour marinade over turkey and refrigerate for at least 8 hours (up to 48 hours). The longer it marinates, the less cooking time it takes.""]","[""2 c. 7-Up or Sprite"", ""1 c. vegetable oil"", ""1 c. Kikkoman soy sauce"", ""garlic salt""]"
Spaghetti Sauce To Can,Dinner,440,4,84,16,"[""tomatoes"", ""oil"", ""garlic"", ""tomato paste"", ""peppers"", ""sugar"", ""salt"", ""sweet basil"", ""oregano"", ""Italian seasoning""]","['bushel', 'c', 'c', 'can', 'none', 'c', 'c', 'tbsp', 'tbsp', 'tsp']","['1/2', '1', '1/4', '6', '3', '1 1/2', '1/2', '1', '2', '1']",www.cookbooks.com/Recipe-Details.aspx?id=1059279,"[""Cook ground or chopped peppers and onions in oil for 1/2 hour. Cook tomatoes and garlic as for juice."", ""Put through the mill."", ""(I use a food processor and do my tomatoes uncooked."", ""I then add the garlic right to the juice.)"", ""Add peppers and onions to juice and remainder of ingredients."", ""Cook approximately 1 hour."", ""Put in jars and seal."", ""Yields 7 quarts.""]","[""1/2 bushel tomatoes"", ""1 c. oil"", ""1/4 c. minced garlic"", ""6 cans tomato paste"", ""3 peppers (2 sweet and 1 hot)"", ""1 1/2 c. sugar"", ""1/2 c. salt"", ""1 Tbsp. sweet basil"", ""2 Tbsp. oregano"", ""1 tsp. Italian seasoning""]"
Prize-Winning Meat Loaf,Dinner,440,26,14,34,"[""ground beef"", ""tomato juice"", ""oats"", ""egg"", ""onion"", ""pepper"", ""salt""]","['lb', 'c', 'c', 'none', 'c', 'tsp', 'tsp']","['1 1/2', '1', '3/4', '1', '1/4', '1/4', '1 1/2']",www.cookbooks.com/Recipe-Details.aspx?id=923674,"[""Mix well."", ""Press firmly into an 8 1/2 x 4 1/2 x 2 1/2-inch loaf pan."", ""Bake in preheated moderate oven."", ""Bake at 350\u00b0 for 1 hour."", ""Let stand 5 minutes before slicing."", ""Makes 8 servings.""]","[""1 1/2 lb. ground beef"", ""1 c. tomato juice"", ""3/4 c. oats (uncooked)"", ""1 egg, beaten"", ""1/4 c. chopped onion"", ""1/4 tsp. pepper"", ""1 1/2 tsp. salt""]"
Smothered Round Steak (Servings: 4),Dinner,560,40,0,44,"[""steak"", ""ground black pepper"", ""ground white pepper"", ""vegetable oil"", ""bell peppers"", ""beef stock"", ""salt"", ""ground red pepper"", ""flour"", ""onions"", ""celery""]","['lb', 'tsp', 'tsp', 'c', 'none', 'c', 'tsp', 'tsp', 'none', 'none', 'none']","['2', '1/2', '1', '1/2', '2', '1', '2', '1', 'none', '3', '1']",www.cookbooks.com/Recipe-Details.aspx?id=982859,"[""Alex Patout says, \""Smothering is a multipurpose Cajun technique that works wonders with everything from game to snap beans."", ""It's similar to what the rest of the world knows as braising."", ""The ingredients are briefly browned or sauteed, then cooked with a little liquid over a low heat for a long time.\""""]","[""2 lb. round steak"", ""1/2 tsp. ground black pepper"", ""1 tsp. ground white pepper"", ""1/2 c. vegetable oil"", ""2 bell peppers, chopped"", ""1 c. beef stock or water"", ""2 tsp. salt"", ""1 tsp. ground red pepper"", ""all-purpose flour (dredging)"", ""3 medium onions, chopped"", ""1 celery rib, chopped""]"
Corral Barbecued Beef Steak Strips,Dinner,680,50,24,60,"[""long"", ""cooking oil"", ""tomato sauce"", ""water"", ""brown sugar"", ""mustard"", ""Worcestershire sauce"", ""onion""]","['lb', 'tbsp', 'can', 'c', 'tbsp', 'tbsp', 'tbsp', 'none']","['2', '2', '1', '1/3', '2', '1', '1', '1']",www.cookbooks.com/Recipe-Details.aspx?id=420402,"[""Brown strips in cooking oil."", ""Pour off drippings."", ""Combine tomato sauce, water, brown sugar, mustard and Worcestershire sauce."", ""Add sauce and onion to meat slices."", ""Cover and cook slowly, stirring occasionally 30 minutes or until meat is tender. Serve over rice or buttered noodles."", ""Yields 6 to 8 servings.""]","[""2 lb. round steak 1/2 to 3/4-inch thick, sliced in strips 1/8-inch thick (or thinner) and 3 1/2 to 4-inches long (easily sliced if partially frozen)"", ""2 Tbsp. cooking oil"", ""1 can (15 oz.) tomato sauce"", ""1/3 c. water"", ""2 Tbsp. brown sugar"", ""1 Tbsp. prepared mustard"", ""1 tbsp. Worcestershire sauce"", ""1 medium sized onion, thinly sliced""]"
Easy Fudge,Breakfast,180,4,32,2,"[""condensed milk"", ""semi-sweet chocolate chips"", ""unsweetened chocolate"", ""nuts"", ""vanilla""]","['oz', 'oz', 'oz', 'c', 'tsp']","['14', '12', '1', '1 1/2', '1']",www.cookbooks.com/Recipe-Details.aspx?id=812407,"[""Butter a square pan, 8 x 8 x 2-inches."", ""Heat milk, chocolate chips and unsweetened chocolate over low heat, stirring constantly, until chocolate is melted and mixture is smooth. Remove from heat."", ""Stir in nuts and vanilla."", ""Spread in pan.""]","[""1 (14 oz.) can sweetened condensed milk"", ""1 (12 oz.) pkg. semi-sweet chocolate chips"", ""1 (1 oz.) sq. unsweetened chocolate (if desired)"", ""1 1/2 c. chopped nuts (if desired)"", ""1 tsp. vanilla""]"
Taco-Filled Green Pepper,Lunch,404,24,26,22,"[""Ground Beef"", ""taco seasoning"", ""beans"", ""onion"", ""salsa"", ""green peppers"", ""Tomato"", ""cheddar cheese"", ""sour cream""]","['lb', 'pkg', 'none', 'none', 'c', 'none', 'none', 'c', 'c']","['1', '1', '1', '1', '1', '4', '1', '1/2', '1/2']",www.cookbooks.com/Recipe-Details.aspx?id=39004,"[""In a large skillet, brown the ground beef. Drain, stir in taco mix, kidney beans, and salsa. Bring to a boil. Reduce heat, and let simmer for about 5 minutes. Cut peppers in half and clean it. Put peppers in boiling water for 3 minutes- drain- spoon the meat mixture into the green pepper. Put pepper in an ungreased pan. Cover, and bake at 350 degrees for 15 to 20 minutes or until peppers are crispy and filling is heated through. Top with tomatoes, cheese, and sour cream.""]","[""1 lb. Ground Beef"", ""1 pkg. taco seasoning"", ""1 san Kidney beans"", ""1 onion, chopped"", ""1 C salsa"", ""4 green peppers"", ""1 medium Tomato, chopped"", ""1/2 C cheddar cheese, shredded"", ""1/2 C sour cream""]"
One Hour Rolls,Dinner,168,4,28,6,"[""milk"", ""sugar"", ""yeast"", ""salt"", ""Crisco oil"", ""flour""]","['c', 'tbsp', 'pkg', 'tbsp', 'tbsp', 'c']","['1', '2', '1', '1', '3', '2']",www.cookbooks.com/Recipe-Details.aspx?id=294341,"[""Put flour into a large mixing bowl."", ""Combine sugar, milk, salt and oil in a saucepan and heat to boiling; remove from heat and let cool to lukewarm."", ""Add yeast and mix well."", ""Pour into flour and stir."", ""Batter will be sticky."", ""Roll out batter on a floured board and cut with biscuit cutter."", ""Lightly brush tops with melted oleo and fold over."", ""Place rolls on a cookie sheet, put in a warm place and let rise for 1 hour."", ""Bake at 350\u00b0 for about 20 minutes. Yield: 2 1/2 dozen.""]","[""1 c. milk"", ""2 Tbsp. sugar"", ""1 pkg. dry yeast"", ""1 Tbsp. salt"", ""3 Tbsp. Crisco oil"", ""2 c. plain flour""]"
Punch Bowl Fruit Salad,Lunch,216,4,50,2,"[""peaches"", ""fruit cocktail"", ""pineapple"", ""fresh strawberries"", ""red apples"", ""yellow apples"", ""bananas"", ""white grapes"", ""purple grapes""]","['none', 'none', 'none', 'qt', 'none', 'none', 'none', 'lb', 'lb']","['2', '2', '1', '1', '2', '2', '4', '1', '1']",www.cookbooks.com/Recipe-Details.aspx?id=1059877,"[""In a 6-quart punch bowl mix all of the cans of fruit, juice and all."", ""Clean and slice berries."", ""Wash and slice apples; leave peeling on apples."", ""Dice apples."", ""Slice bananas."", ""Wash and cut grapes in half."", ""Mix all together."", ""Nuts or other fruit may be added.""]","[""2 large cans sliced peaches"", ""2 large cans fruit cocktail"", ""1 large can diced pineapple"", ""1 qt. fresh strawberries"", ""2 red apples"", ""2 yellow apples"", ""4 large ripe bananas"", ""1 lb. white grapes"", ""1 lb. purple grapes""]"
Summer Chicken,Dinner,1160,56,88,76,"[""chicken cutlets"", ""oil"", ""red vinegar"", ""oregano"", ""garlic salt""]","['pkg', 'c', 'c', 'tbsp', 'tbsp']","['1', '1/2', '1/3', '2', '2']",www.cookbooks.com/Recipe-Details.aspx?id=969444,"[""Double recipe for more chicken.""]","[""1 pkg. chicken cutlets"", ""1/2 c. oil"", ""1/3 c. red vinegar"", ""2 Tbsp. oregano"", ""2 Tbsp. garlic salt""]"
Cherry Pizza,Dinner,474,20,52,20,"[""cherry pie mix"", ""deluxe white cake mix"", ""butter"", ""ground nuts""]","['can', 'box', 'stick', 'c']","['2', '1', '1', '1']",www.cookbooks.com/Recipe-Details.aspx?id=1072589,"[""Grease a 9 x 12-inch cake pan."", ""Spread cherry pie mix."", ""Sift cake mix and spread it dry over the cherries."", ""Top with ground nuts."", ""Melt butter and pour over top."", ""Bake 45 minutes in a 350\u00b0 oven.""]","[""2 cans cherry pie mix"", ""1 box deluxe white cake mix"", ""1 stick butter"", ""1 c. ground nuts""]"
Potato And Cheese Pie,Dinner,614,26,74,22,"[""eggs"", ""salt"", ""pepper"", ""potatoes"", ""Cheddar cheese"", ""green onions""]","['none', 'tsp', 'tsp', 'c', 'c', 'c', 'c']","['3', '1', '1/4', '2', '3', '1', '1/3']",www.cookbooks.com/Recipe-Details.aspx?id=784386,"[""Beat eggs, salt and pepper until well blended."", ""Stir in half and half, potatoes and onions."", ""Pour into well-greased 8-inch baking dish."", ""Bake in a 400\u00b0 oven for 35 to 40 minutes, or until knife inserted in center comes out clean and potatoes are tender. Cool on rack 5 minutes; cut into squares."", ""Makes 4 large servings.""]","[""3 eggs"", ""1 tsp. salt"", ""1/4 tsp. pepper"", ""2 c. half and half"", ""3 c. potatoes, shredded coarse"", ""1 c. Cheddar cheese, coarsely shredded"", ""1/3 c. green onions""]"
Tuna Macaroni Casserole,Dinner,360,10,44,28,"[""macaroni"", ""tuna"", ""pimentos"", ""onion""]","['box', 'can', 'none', 'none']","['1', '1', '1', '1']",www.cookbooks.com/Recipe-Details.aspx?id=906870,"[""Prepare macaroni and cheese as directed."", ""Add drained tuna, pimento and onion."", ""Mix."", ""Serve hot or cold.""]","[""1 box macaroni and cheese"", ""1 can tuna, drained"", ""1 small jar pimentos"", ""1 medium onion, chopped""]"
Artichoke Dip,Lunch,160,12,2,6,"[""hearts"", ""mayonnaise"", ""Parmesan cheese""]","['can', 'c', 'c']","['2', '1', '1']",www.cookbooks.com/Recipe-Details.aspx?id=263108,"[""Drain artichokes and chop."", ""Mix with mayonnaise and Parmesan cheese."", ""After well mixed, bake, uncovered, for 20 to 30 minutes at 350\u00b0."", ""Serve with crackers.""]","[""2 cans or jars artichoke hearts"", ""1 c. mayonnaise"", ""1 c. Parmesan cheese""]"
Broccoli Dip For Crackers,Lunch,320,24,20,4,"[""sour cream"", ""vegetable soup mix"", ""broccoli"", ""Cheddar cheese""]","['oz', 'pkg', 'oz', 'none']","['16', '1', '10', '4']",www.cookbooks.com/Recipe-Details.aspx?id=297084,"[""Mix together sour cream, soup mix, broccoli and half of cheese."", ""Sprinkle remaining cheese on top."", ""Bake at 350\u00b0 for 30 minutes, uncovered."", ""Serve hot with vegetable crackers.""]","[""16 oz. sour cream"", ""1 pkg. dry vegetable soup mix"", ""10 oz. pkg. frozen chopped broccoli, thawed and drained"", ""4 to 6 oz. Cheddar cheese, grated""]"
Summer Spaghetti,Dinner,440,2,84,16,"[""Salad Supreme"", ""Italian dressing""]","['lb', 'bottle', 'bottle']","['1', '1/2', '1']",www.cookbooks.com/Recipe-Details.aspx?id=841144,"[""Prepare spaghetti per package."", ""Drain."", ""Melt a little butter through it."", ""Marinate overnight in Salad Supreme and Zesty Italian dressing."", ""Just before serving, add cucumbers, tomatoes, green peppers, mushrooms, olives or whatever your taste may want.""]","[""1 lb. very thin spaghetti"", ""1/2 bottle McCormick Salad Supreme (seasoning)"", ""1 bottle Zesty Italian dressing""]"
Pear-Lime Salad,Lunch,324,24,30,2,"[""pear halves"", ""lime gelatin"", ""cream cheese"", ""lemon yogurt""]","['oz', 'oz', 'oz', 'oz']","['16', '3', '8', '8']",www.cookbooks.com/Recipe-Details.aspx?id=174717,"[""Drain pears, reserving juice."", ""Bring juice to a boil, stirring constantly."", ""Remove from heat."", ""Add gelatin, stirring until dissolved."", ""Let cool slightly."", ""Coarsely chop pear halves. Combine cream cheese and yogurt; beat at medium speed of electric mixer until smooth."", ""Add gelatin and beat well."", ""Stir in pears."", ""Pour into an oiled 4-cup mold or Pyrex dish."", ""Chill.""]","[""1 (16 oz.) can pear halves, undrained"", ""1 (3 oz.) pkg. lime gelatin"", ""1 (8 oz.) pkg. cream cheese, softened"", ""1 (8 oz.) carton lemon yogurt""]"
Watermelon Rind Pickles,Dinner,92,0,22,2,"[""watermelon rind"", ""sugar"", ""apple vinegar"", ""oil"", ""oil of cinnamon""]","['lb', 'c', 'c', 'tsp', 'tsp']","['7', '7', '2', '1/2', '1/2']",www.cookbooks.com/Recipe-Details.aspx?id=744685,"[""Trim off green and pink parts of watermelon rind; cut to 1-inch cubes."", ""Parboil until tender, but not soft."", ""Drain. Combine sugar, vinegar, oil of cloves and oil of cinnamon; bring to boiling and pour over rind."", ""Let stand overnight."", ""In the morning, drain off syrup."", ""Heat and put over rind."", ""The third morning, heat rind and syrup; seal in hot, sterilized jars."", ""Makes 8 pints."", ""(Oil of cinnamon and clove keeps rind clear and transparent.)""]","[""7 lb. watermelon rind"", ""7 c. sugar"", ""2 c. apple vinegar"", ""1/2 tsp. oil of cloves"", ""1/2 tsp. oil of cinnamon""]"
Chicken Stew,Dinner,344,8,40,28,"[""chicken"", ""potatoes"", ""onions"", ""corn"", ""English peas"", ""peas"", ""butter beans"", ""tomatoes"", ""tomato juice"", ""macaroni"", ""black pepper"", ""salt"", ""sugar""]","['lb', 'none', 'none', 'oz', 'oz', 'oz', 'oz', 'oz', 'oz', 'none', 'tbsp', 'tbsp', 'tbsp']","['3', '4', '2', '16', '16', '16', '16', '16', '46', '1', '1', '1', '1']",www.cookbooks.com/Recipe-Details.aspx?id=284237,"[""Remove chicken from bone."", ""Use the broth."", ""Mix the vegetables and macaroni."", ""Add sugar, salt and black pepper."", ""Cook until all vegetables are tender over medium heat.""]","[""3 lb. chicken, boiled"", ""4 medium potatoes, diced"", ""2 medium onions, chopped"", ""1 (16 oz.) can creamed corn"", ""1 (16 oz.) can English peas"", ""1 (16 oz.) can field peas"", ""1 (16 oz.) can butter beans"", ""1 (16 oz.) can tomatoes"", ""1 (46 oz.) can tomato juice"", ""1 small box macaroni"", ""1 Tbsp. black pepper"", ""1 Tbsp. salt"", ""1 Tbsp. sugar""]"
Quick Coffee Cake (6 Servings),Breakfast,378,12,60,8,"[""butter"", ""sugar"", ""egg"", ""flour"", ""baking powder"", ""salt"", ""milk"", ""vanilla"", ""brown sugar"", ""cinnamon"", ""butter""]","['tbsp', 'c', 'none', 'c', 'tsp', 'tsp', 'c', 'tsp', 'c', 'tsp', 'tbsp']","['3', '1/2', '1', '1', '1 1/4', '1/4', '1/3', '1/4', '1/3', '1/2', '2']",www.cookbooks.com/Recipe-Details.aspx?id=532166,"[""Mix 3 tablespoons fat with granulated sugar."", ""Add egg and beat until creamy."", ""Mix flour, baking powder and salt thoroughly."", ""Add to sugar mixture alternately with milk."", ""Add vanilla. Spread batter evenly in a greased 8-inch square baking pan."", ""Mix brown sugar and cinnamon and sprinkle over batter."", ""Dot with 2 tablespoons fat."", ""Bake at 350\u00b0 (moderate oven) for 25 to 30 minutes.""]","[""3 Tbsp. softened butter or margarine"", ""1/2 c. granulated sugar"", ""1 egg"", ""1 c. flour"", ""1 1/4 tsp. baking powder"", ""1/4 tsp. salt"", ""1/3 c. milk"", ""1/4 tsp. vanilla"", ""1/3 c. brown sugar, packed"", ""1/2 tsp. cinnamon"", ""2 Tbsp. butter or margarine""]"
Angel Biscuits,Breakfast,424,20,52,8,"[""flour"", ""sugar"", ""baking powder"", ""yeast"", ""buttermilk"", ""soda"", ""margarine"", ""warm water""]","['c', 'tbsp', 'tsp', 'pkg', 'c', 'tsp', 'stick', 'c']","['5', '3', '4', '1 1/2', '2', '1', '1 1/2', '1/2']",www.cookbooks.com/Recipe-Details.aspx?id=378696,"[""Mix flour, sugar, baking powder, soda and salt together."", ""Cut in margarine, dissolve yeast in warm water."", ""Stir into buttermilk and add to dry mixture."", ""Cover and chill.""]","[""5 c. flour"", ""3 Tbsp. sugar"", ""4 tsp. baking powder"", ""1 1/2 pkg. dry yeast"", ""2 c. buttermilk"", ""1 tsp. soda"", ""1 1/2 sticks margarine"", ""1/2 c. warm water""]"
Quick Peppermint Puffs,Breakfast,120,0,30,0,"[""marshmallows"", ""margarine"", ""peppermint candy"", ""crescent rolls""]","['none', 'tbsp', 'c', 'can']","['8', '2', '1/4', '1']",www.cookbooks.com/Recipe-Details.aspx?id=493487,"[""Dip marshmallows in melted margarine; roll in candy. Wrap a crescent triangle around each marshmallow, completely covering the marshmallow and square edges of dough tightly to seal."", ""Dip in margarine and place in a greased muffin tin."", ""Bake at 375\u00b0 for 10 to 15 minutes; remove from pan.""]","[""8 marshmallows"", ""2 Tbsp. margarine, melted"", ""1/4 c. crushed peppermint candy"", ""1 can crescent rolls""]"
Fruit Pizza,Dinner,780,26,124,20,"[""yellow cake mix"", ""water"", ""brown sugar"", ""butter"", ""eggs"", ""nuts""]","['box', 'c', 'c', 'c', 'none', 'c']","['1', '1/4', '1/4', '1/2', '2', '1/2']",www.cookbooks.com/Recipe-Details.aspx?id=28243,"[""Mix ingredients and spread into 2 greased pizza pans."", ""Bake at 350\u00b0 for 15-20 minutes.""]","[""1 box yellow cake mix"", ""1/4 c. water"", ""1/4 c. brown sugar"", ""1/2 c. soft butter"", ""2 eggs"", ""1/2 c. chopped nuts""]"
Chocolate Mint Bars,Dinner,440,34,38,20,"[""flour"", ""sugar"", ""oleo"", ""eggs"", ""chocolate syrup""]","['c', 'c', 'c', 'none', 'can']","['1', '1', '1/2', '4', '1']",www.cookbooks.com/Recipe-Details.aspx?id=590883,"[""Mix together and bake in 9 x 13-inch pan at 350\u00b0 for 25 to 30 minutes."", ""Top should spring back when touched lightly; do not overbake."", ""Cool completely, then spread with mint layer.""]","[""1 c. flour"", ""1 c. sugar"", ""1/2 c. oleo, softened"", ""4 eggs"", ""1 can chocolate syrup""]"
Beer Bread,Dinner,222,0,44,4,"[""flour"", ""beer"", ""sugar""]","['c', 'oz', 'tbsp']","['3', '12', '1']",www.cookbooks.com/Recipe-Details.aspx?id=26648,"[""Stir the ingredients together and put in a greased and floured loaf pan."", ""Bake at 425 degrees for 50 minutes."", ""Drizzle melted butter on top.""]","[""3 c. self rising flour"", ""1 - 12 oz. can beer"", ""1 Tbsp. sugar""]"
Chicken Divan,Dinner,642,28,16,80,"[""margarine"", ""onion"", ""celery"", ""flour"", ""curry powder"", ""mushrooms"", ""cream of celery soup"", ""broccoli"", ""chicken"", ""cheese""]","['c', 'c', 'none', 'c', 'tsp', 'can', 'can', 'pkg', 'none', 'none']","['1/4', '1/4', 'none', '1/4', '1/8', '1', '1', '1', '1', 'none']",www.cookbooks.com/Recipe-Details.aspx?id=425137,"[""Melt margarine in skillet; saute onions and celery."", ""Remove from heat."", ""Stir in flour and curry powder."", ""Drain mushrooms and keep juice."", ""Add water to juice to make 1/2 cup liquid."", ""Stir liquid and soup into flour mixture; add mushrooms."", ""Cook until thick."", ""Arrange broccoli and cubed chicken in a large baking dish. Spoon sauce over chicken."", ""Top with grated cheese."", ""Bake in a 350\u00b0 oven for about 20 minutes or in microwave until cheese is melted.""]","[""1/4 c. margarine"", ""1/4 c. chopped onion (or as much as you want)"", ""chopped celery to taste"", ""1/4 c. flour"", ""1/8 tsp. curry powder"", ""1 can sliced mushrooms (save juice)"", ""1 can cream of celery soup"", ""1 pkg. chopped broccoli"", ""1 cubed chicken"", ""shredded Monterey Jack cheese""]"
Mexican Cookie Rings,Dinner,194,10,26,2,"[""flour"", ""baking powder"", ""salt"", ""butter"", ""sugar"", ""egg yolks"", ""vanilla"", ""multi-colored candies""]","['c', 'tsp', 'tsp', 'c', 'c', 'none', 'tsp', 'none']","['1 1/2', '1/2', '1/2', '1/2', '2/3', '3', '1', 'none']",www.cookbooks.com/Recipe-Details.aspx?id=364136,"[""Sift flour, baking powder and salt together."", ""Cream together butter and sugar."", ""Add egg yolks and vanilla."", ""Beat until light and fluffy."", ""Mix in sifted dry ingredients."", ""Shape into 1-inch balls."", ""Push wooden spoon handle through center (twist)."", ""Shape into rings."", ""Dip each cookie into candies."", ""Place on lightly greased baking sheets."", ""Bake in 375\u00b0 oven for 10 to 12 minutes or until golden brown."", ""Cool on racks."", ""Serves 2 dozen.""]","[""1 1/2 c. sifted flour"", ""1/2 tsp. baking powder"", ""1/2 tsp. salt"", ""1/2 c. butter"", ""2/3 c. sugar"", ""3 egg yolks"", ""1 tsp. vanilla"", ""multi-colored candies""]"
Vegetable-Burger Soup,Lunch,300,10,24,40,"[""ground beef"", ""water"", ""sugar"", ""onion soup"", ""tomatoes"", ""tomato sauce"", ""frozen mixed vegetables""]","['lb', 'c', 'tsp', 'pkg', 'lb', 'oz', 'oz']","['1/2', '2', '1', '1', '1', '8', '10']",www.cookbooks.com/Recipe-Details.aspx?id=822015,"[""Lightly brown beef in soup pot."", ""Drain off excess fat."", ""Stir in tomatoes, tomato sauce, water, frozen vegetables, soup mix and sugar."", ""Bring to a boil."", ""Reduce heat and simmer for 20 minutes. Serve.""]","[""1/2 lb. ground beef"", ""2 c. water"", ""1 tsp. sugar"", ""1 pkg. Cup-a-Soup onion soup mix (dry)"", ""1 lb. can stewed tomatoes"", ""1 (8 oz.) can tomato sauce"", ""1 (10 oz.) pkg. frozen mixed vegetables""]"
Chicken Ole,Dinner,380,12,22,42,"[""chicken breasts"", ""cream of chicken soup"", ""cream of mushroom soup"", ""green chili salsa sauce"", ""green chilies"", ""milk"", ""onion"", ""corn tortilla""]","['none', 'can', 'can', 'can', 'can', 'c', 'none', 'pkg']","['4', '1', '1', '1', '1', '1', '1', '1']",www.cookbooks.com/Recipe-Details.aspx?id=445786,"[""Dice chicken."", ""Mix all ingredients together."", ""Let sit overnight."", ""Bake 1 1/2 hours at 375\u00b0.""]","[""4 chicken breasts, cooked"", ""1 can cream of chicken soup"", ""1 can cream of mushroom soup"", ""1 can green chili salsa sauce"", ""1 can green chilies"", ""1 c. milk"", ""1 grated onion"", ""1 pkg. corn tortilla in pieces""]"
Creamy Coleslaw (Better Homes And Gardens),Lunch,280,20,28,2,"[""cabbage"", ""carrots"", ""green pepper"", ""onion"", ""mayonnaise"", ""vinegar"", ""sugar"", ""celery"", ""salt""]","['c', 'c', 'c', 'tbsp', 'c', 'tbsp', 'tsp', 'tsp', 'tsp']","['4', '1/2', '1/4', '2', '1/2', '1', '2', '1', '1/4']",www.cookbooks.com/Recipe-Details.aspx?id=613188,"[""In a large bowl, combine cabbage, carrot, green pepper and onion or can use package of slaw mix purchased from store.""]","[""4 c. shredded cabbage"", ""1/2 c. shredded carrots"", ""1/4 c. finely chopped green pepper"", ""2 Tbsp. finely chopped onion"", ""1/2 c. mayonnaise"", ""1 Tbsp. vinegar"", ""2 tsp. sugar"", ""1 tsp. celery seed"", ""1/4 tsp. salt""]"
Creole Flounder,Dinner,552,22,32,38,"[""flounder"", ""tomatoes"", ""green pepper"", ""lemon juice"", ""salad oil"", ""salt"", ""onion"", ""basil"", ""ground black pepper"", ""drops red pepper sauce"", ""green pepper""]","['lb', 'c', 'c', 'c', 'tbsp', 'tsp', 'tsp', 'tsp', 'tsp', 'none', 'none']","['2', '1 1/2', '1/2', '1/3', '1', '2', '2', '1', '1/4', '4', 'none']",www.cookbooks.com/Recipe-Details.aspx?id=580768,"[""Heat oven to 500\u00b0."", ""Place fillets in single layer in baking dish, 13 1/2 x 9 x 2-inch."", ""Stir together remaining ingredients except pepper rings. Spoon over fillets."", ""Bake 5 to 8 minutes or until fish flakes easily with fork."", ""Remove fillets to warm platter. Garnish with green pepper rings. Makes 4 to 6 servings.""]","[""2 lb. flounder or pollack fillets"", ""1 1/2 c. chopped tomatoes"", ""1/2 c. chopped green pepper"", ""1/3 c. lemon juice"", ""1 Tbsp. salad oil"", ""2 tsp. salt"", ""2 tsp. minced onion"", ""1 tsp. basil leaves"", ""1/4 tsp. coarsely ground black pepper"", ""4 drops red pepper sauce"", ""green pepper rings""]"
Three Bean Salad,Lunch,160,0,36,6,"[""green beans"", ""yellow beans"", ""kidney beans"", ""sugar"", ""salad oil"", ""vinegar"", ""water""]","['can', 'can', 'can', 'c', 'c', 'c', 'c']","['1', '1', '1', '1', '1/2', '2/3', '1/3']",www.cookbooks.com/Recipe-Details.aspx?id=272785,"[""Mix together all of sugar, salad oil, vinegar and water until sugar is dissolved."", ""Pour over beans and let stand overnight.""]","[""1 can green beans, wash and drain"", ""1 can yellow beans, wash and drain"", ""1 can kidney beans, wash and drain"", ""1 c. sugar"", ""1/2 c. salad oil"", ""2/3 c. vinegar"", ""1/3 c. water""]"
Dave's Corn Casserole,Dinner,332,20,48,6,"[""whole kernel corn"", ""cream-style"", ""sour cream"", ""corn bread"", ""margarine""]","['oz', 'oz', 'oz', 'oz', 'stick']","['16 1/2', '16 1/2', '8', '8 1/2', '1']",www.cookbooks.com/Recipe-Details.aspx?id=864413,"[""In a bowl, mix corns, sour cream, corn bread mix and melted margarine."", ""Pour into a greased 8 x 8 x 2-inch pan."", ""Bake at 350\u00b0 for 50 minutes.""]","[""1 (16 1/2 oz.) can whole kernel corn, drained"", ""1 (16 1/2 oz.) can cream-style corn"", ""1 (8 oz.) sour cream"", ""1 (8 1/2 oz.) pkg. Jiffy corn bread mix"", ""1 stick margarine""]"
Casserole Italiano,Dinner,730,24,92,32,"[""ground beef"", ""onion"", ""tomato soup"", ""noodles"", ""oregano"", ""salt"", ""water"", ""cheese""]","['lb', 'c', 'can', 'c', 'tsp', 'tsp', 'c', 'c']","['1', '1/3', '1', '2', '1/2', '1/2', '1/3', '1']",www.cookbooks.com/Recipe-Details.aspx?id=233784,"[""Brown beef with onion and seasonings and combine in a 1 1/2-quart casserole with soup, water and noodles."", ""Place cheese around edges."", ""Bake at 350\u00b0 for 30 minutes.""]","[""1 lb. ground beef"", ""1/3 c. chopped onion"", ""1 can tomato soup"", ""2 c. cooked wide noodles"", ""1/2 tsp. oregano"", ""1/2 tsp. salt"", ""1/3 c. water"", ""1 c. cheese""]"
Corned Beef And Cabbage Casserole,Dinner,780,48,22,64,"[""cabbage"", ""dry mustard"", ""corned beef"", ""cream of celery soup"", ""onion""]","['none', 'tsp', 'can', 'can', 'none']","['1', '1', '1', '1', '1']",www.cookbooks.com/Recipe-Details.aspx?id=263782,"[""Combine all ingredients and cook uncovered over low heat until cabbage is crisp-tender, about 20 minutes.""]","[""1 small cabbage, shredded"", ""1 tsp. dry mustard"", ""1 can corned beef, flaked"", ""1 can cream of celery soup"", ""1 medium chopped onion""]"
Crab Cakes,Dinner,212,10,0,28,"[""Worcestershire sauce"", ""dry mustard"", ""mayonnaise"", ""egg""]","['tbsp', 'none', 'tsp', 'tbsp', 'none']","['1', '2', '1', '2', '1']",www.cookbooks.com/Recipe-Details.aspx?id=69515,"[""Mix together and carefully add 1 pound lump crab meat."", ""Mix ahead of time and refrigerate so they will hold together better.""]","[""1 Tbsp. Worcestershire sauce"", ""2 or 3 shakes Old Bay"", ""1 tsp. dry mustard"", ""2 Tbsp. mayonnaise"", ""1 egg""]"
Taco Dip,Dinner,220,16,14,8,"[""cream cheese"", ""mayonnaise"", ""taco sauce"", ""green onions"", ""green pepper"", ""tomato"", ""Mozzarella cheese"", ""Cheddar cheese"", ""black olives"", ""tortilla chips""]","['oz', 'c', 'oz', 'none', 'none', 'none', 'c', 'c', 'c', 'none']","['8', '1/2', '8', '2', '1/2', '1', '1', '1', '1/2', 'none']",www.cookbooks.com/Recipe-Details.aspx?id=139440,"[""Mix together cream cheese and mayonnaise."", ""Spread on to a large platter or two dinner plates."", ""Freeze for 15 minutes. Spread taco sauce evenly on top."", ""Layer remaining ingredients in the written order."", ""Serve with tortilla chips.""]","[""2 (8 oz.) pkg. cream cheese, softened"", ""1/2 c. mayonnaise or salad dressing"", ""8 oz. mild taco sauce"", ""2 to 4 thinly sliced green onions"", ""1/2 green pepper, chopped"", ""1 tomato, chopped"", ""1 c. Mozzarella cheese"", ""1 c. Cheddar cheese"", ""1/2 c. black olives (optional)"", ""tortilla chips""]"
Bonbon Cookies,Breakfast,230,10,30,4,"[""butter"", ""peanut butter"", ""graham cracker crumbs"", ""coconut"", ""nut meats"", ""vanilla""]","['lb', 'c', 'lb', 'c', 'c', 'none']","['1/2', '1/2', '1/2', '2', '1/2', 'none']",www.cookbooks.com/Recipe-Details.aspx?id=709387,"[""Cream together the butter and peanut butter."", ""Add the remaining ingredients."", ""Mix and form into balls (best to mix with your hands) and chill several hours, even a day.""]","[""1/2 lb. soft butter"", ""1/2 c. peanut butter"", ""1/2 lb. graham cracker crumbs"", ""2 c. coconut"", ""1/2 c. nut meats (optional)"", ""dash of vanilla""]"
Forever Amber,Dinner,240,12,40,2,"[""orange sliced candy"", ""Angel"", ""pecans"", ""condensed milk"", ""vanilla"", ""orange flavoring""]","['lb', 'can', 'c', 'can', 'tsp', 'tsp']","['1', '2', '2', '2', '1', '1']",www.cookbooks.com/Recipe-Details.aspx?id=626626,"[""Mix together."", ""Spread in a buttered pan."", ""Bake for 30 minutes at 275\u00b0."", ""While still hot, sift 1 box of powdered sugar into it. Drop by teaspoons on waxed paper."", ""Let dry."", ""If it seems set on bottom, turn over and let it continue to dry.""]","[""1 lb. orange sliced candy, chopped"", ""2 cans Angel Flake coconut"", ""2 c. chopped pecans"", ""2 cans condensed milk"", ""1 tsp. vanilla"", ""1 tsp. orange flavoring""]"
Gooey Coffee Cake,Breakfast,440,20,64,6,"[""yellow cake"", ""eggs"", ""oleo"", ""nuts"", ""eggs"", ""cream cheese"", ""powdered sugar""]","['none', 'none', 'stick', 'c', 'none', 'oz', 'lb']","['1', '2', '1', '1', '2', '8', '1']",www.cookbooks.com/Recipe-Details.aspx?id=339843,"[""Mix together cake mix, 2 eggs and melted oleo."", ""Put in greased 9 x 13-inch pan."", ""Put chopped nuts on top of mixture."", ""Mix together 2 eggs, cream cheese and powdered sugar."", ""Add on top of first mixture."", ""Bake 15 minutes at 325\u00b0, then bake 20 minutes at 350\u00b0.""]","[""1 yellow cake mix"", ""2 eggs"", ""1 stick oleo, melted"", ""1 c. chopped nuts"", ""2 eggs"", ""8 oz. softened cream cheese"", ""1 lb. powdered sugar""]"
Phylis' Pineapple-Banana Salad,Lunch,442,0,114,2,"[""pineapple"", ""bananas""]","['none', 'none']","['1', '4']",www.cookbooks.com/Recipe-Details.aspx?id=682439,"[""Drain pineapple and reserve juice."", ""Cut bananas in chunks like pineapple.""]","[""1 large can chunk pineapple"", ""4 to 5 bananas""]"
Chicken Casserole,Dinner,446,14,24,56,"[""cream of mushroom soup"", ""cream of chicken soup"", ""cream of celery soup"", ""chicken"", ""butter"", ""rice""]","['can', 'can', 'can', 'none', 'c', 'c']","['1', '1', '1', '1', '1/2', '1 1/2']",www.cookbooks.com/Recipe-Details.aspx?id=665397,"[""Mix all ingredients together in baking dish."", ""Cover and bake at 350\u00b0 for 2 1/2 hours."", ""Bake the last 45 minutes, uncovered, to brown top of chicken.""]","[""1 can cream of mushroom soup"", ""1 can cream of chicken soup"", ""1 can cream of celery soup"", ""1 cut up chicken"", ""1/2 c. melted butter or margarine"", ""1 1/2 c. uncooked rice""]"
Pineapple Nut Pie,Lunch,790,36,110,8,"[""cream cheese"", ""condensed milk"", ""pineapple"", ""nuts"", ""lemon juice""]","['oz', 'can', 'c', 'c', 'c']","['8', '1', '1/2', '1/3', '1/3']",www.cookbooks.com/Recipe-Details.aspx?id=512031,"[""Cream the cream cheese; add the milk and beat smooth."", ""Add lemon juice, pineapple and nuts."", ""Beat well."", ""Pour into graham cracker crust and chill."", ""Slice in small servings (very rich) and top with dollop of Cool Whip.""]","[""1 (8 oz.) pkg. cream cheese"", ""1 can sweetened condensed milk"", ""1/2 c. crushed pineapple"", ""1/3 c. chopped nuts"", ""1/3 c. lemon juice""]"
Annie's Diabetic Candy,Lunch,560,26,80,4,"[""vanilla"", ""cream cheese"", ""butter"", ""peanut butter""]","['oz', 'oz', 'tbsp', 'tbsp']","['8', '8', '2', '2']",www.cookbooks.com/Recipe-Details.aspx?id=942266,"[""Mix all ingredients, form in small balls and roll in chopped peanuts."", ""Keep refrigerated.""]","[""1 (8 oz.) Jell-O sugar-free vanilla or French vanilla pudding (put in dry)"", ""1 (8 oz.) Philadelphia light cream cheese"", ""2 Tbsp. butter"", ""2 Tbsp. peanut butter or more if you would like""]"
Frozen Peach Mousse,Lunch,470,0,120,4,"[""peaches"", ""sugar"", ""sour cream"", ""lemon juice"", ""vanilla""]","['none', 'none', 'c', 'c', 'none']","['4', '1', '1 1/4', '1/4', '3/4']",www.cookbooks.com/Recipe-Details.aspx?id=305481,"[""Puree peaches in a blender."", ""Add remaining ingredients."", ""Blend and pour in container and freeze.""]","[""4 medium peaches, peeled and chopped"", ""1 to 1 1/4 c. sugar"", ""1 1/4 c. sour cream (use light)"", ""1/4 c. lemon juice"", ""3/4 to 1 tsp. vanilla""]"
Strawberry Pie,Lunch,772,32,116,8,"[""frozen strawberries"", ""sugar"", ""cream cheese""]","['oz', 'pkg', 'none', 'c', 'oz']","['16', '2', 'none', '1 3/4', '12']",www.cookbooks.com/Recipe-Details.aspx?id=575611,"[""*Can also use blueberries or cherries.""]","[""16 oz. Cool Whip"", ""2 pkg. frozen strawberries *"", ""2 (9-inch) deep pan pie crusts"", ""1 3/4 c. sugar"", ""12 oz. cream cheese""]"
Blueberry Surprise,Lunch,256,10,36,6,"[""margarine"", ""graham cracker crumbs"", ""granulated sugar""]","['stick', 'c', 'c']","['1', '1 1/2', '1/4']",www.cookbooks.com/Recipe-Details.aspx?id=14352,"[""Mix ingredients and press 2/3 mixture in bottom of square baking dish."", ""(A bowl that has the same diameter top and bottom may be used, 1 1/2 to 2-quart size.)""]","[""1 stick margarine"", ""1 1/2 c. graham cracker crumbs"", ""1/4 c. granulated sugar""]"
Moist Devil's Food Cake,Dinner,484,20,74,4,"[""flour"", ""baking soda"", ""salt"", ""shortening"", ""sugar"", ""eggs"", ""cocoa"", ""water"", ""vanilla"", ""milk""]","['c', 'tsp', 'tsp', 'c', 'c', 'none', 'c', 'none', 'tsp', 'c']","['2', '1 1/2', '1/4', '1/2', '1 1/2', '2', '1/2', 'none', '1', '1']",www.cookbooks.com/Recipe-Details.aspx?id=467702,"[""Sift together the flour, soda and salt; set aside."", ""Combine shortening and sugar in a bowl."", ""Beat until creamy."", ""Add egg yolks; beat well."", ""Combine cocoa, water and vanilla to make 1 cup; mix well."", ""Add to batter."", ""Add flour mixture alternately with milk."", ""Beat well after each addition; set aside."", ""Beat egg whites until stiff peaks form when beater is lifted."", ""Fold into batter. Bake in two 9-inch greased cake pans at 375\u00b0 for 30 minutes.""]","[""2 c. sifted flour"", ""1 1/2 tsp. baking soda"", ""1/4 tsp. salt"", ""1/2 c. shortening"", ""1 1/2 c. sugar"", ""2 eggs, separated"", ""1/2 c. cocoa"", ""water"", ""1 tsp. vanilla"", ""1 c. milk""]"
Dot's Civil War Cake,Dinner,810,30,134,8,"[""apples"", ""raisins"", ""brown sugar"", ""sugar"", ""shortening"", ""cold water"", ""flour"", ""soda"", ""cinnamon"", ""nutmeg"", ""cloves"", ""salt"", ""nuts""]","['none', 'c', 'c', 'c', 'tbsp', 'c', 'c', 'tsp', 'tsp', 'tsp', 'tsp', 'tsp', 'c']","['3', '2', '1', '1', '2', '2', '3', '2', '1', '1', '1', '1', '1']",www.cookbooks.com/Recipe-Details.aspx?id=433749,"[""Combine and cook first 6 ingredients."", ""Bring to boil and boil 5 minutes; cool."", ""Add sifted, dry ingredients to apple mixture. Stir and blend only."", ""Add nuts."", ""Pour into greased and floured tube pan."", ""Bake 1 hour at 350\u00b0."", ""Serves 16.""]","[""3 medium apples, chopped"", ""2 c. raisins"", ""1 c. brown sugar"", ""1 c. granulated sugar"", ""2 Tbsp. shortening"", ""2 c. cold water"", ""3 c. flour"", ""2 tsp. soda"", ""1 tsp. cinnamon"", ""1 tsp. nutmeg"", ""1 tsp. cloves"", ""1 tsp. salt"", ""1 c. nuts""]"
Potato Casserole,Dinner,500,24,66,6,"[""potatoes"", ""onion"", ""butter"", ""cream of chicken soup"", ""sour cream"", ""Cheddar cheese"", ""cornflakes""]","['c', 'c', 'c', 'can', 'oz', 'c', 'c']","['6', '1/2', '3/4', '1', '8', '1', '2']",www.cookbooks.com/Recipe-Details.aspx?id=261749,"[""Peel and dice potatoes; place in bowl of cold, salted water. Drain potatoes and dry on paper towels."", ""Mix 1/2 cup butter, onions, soup, sour cream and cheese; stir well."", ""Add potatoes to mixture and pour into a 2 1/2-quart casserole dish."", ""Crush cornflakes, mix with remaining butter."", ""Sprinkle cornflakes and butter on top of potato mixture."", ""Bake at 350\u00b0 for 50 minutes.""]","[""6 c. diced potatoes"", ""1/2 c. chopped onion"", ""3/4 c. melted butter"", ""1 can cream of chicken soup"", ""1 (8 oz.) sour cream"", ""1 c. grated Cheddar cheese"", ""2 c. crushed cornflakes""]"
Dream Pie,Dinner,820,38,110,10,"[""vanilla wafers"", ""butter""]","['none', 'none']","['none', 'none']",www.cookbooks.com/Recipe-Details.aspx?id=621453,"[""Mix vanilla wafer crumbs with butter.""]","[""vanilla wafers"", ""butter""]"
Divinity Fudge,Dinner,192,8,30,2,"[""sugar"", ""white corn syrup"", ""cold water"", ""egg whites"", ""vanilla"", ""nuts""]","['c', 'c', 'c', 'none', 'tsp', 'c']","['2 2/3', '2/3', '2/3', '2', '1', '1']",www.cookbooks.com/Recipe-Details.aspx?id=875051,"[""Stir well together the sugar, syrup and water."", ""Allow to boil without stirring until it forms a hard ball in cold water."", ""Pour this over stiffly beaten egg whites, beating constantly."", ""Cool; add vanilla and nuts."", ""Beat until cool and thick enough to set. Pour into a buttered platter or drop by teaspoons on waxed paper.""]","[""2 2/3 c. sugar"", ""2/3 c. white corn syrup (Karo)"", ""2/3 c. cold water"", ""2 egg whites"", ""1 tsp. vanilla"", ""1 c. chopped nuts""]"
Apple Crisp,Dinner,768,16,152,8,"[""apples"", ""sugar"", ""cinnamon"", ""sugar"", ""flour"", ""salt"", ""corn flake crumbs"", ""oleo""]","['none', 'c', 'tsp', 'c', 'c', 'none', 'c', 'stick']","['none', '1/2', '1', '1/4', '1', 'none', '1/2', '1']",www.cookbooks.com/Recipe-Details.aspx?id=935714,"[""Mix 1/2 cup of sugar and cinnamon."", ""Spread on apples."", ""Mix 1/4 cup sugar, flour, salt, cornflake crumbs and oleo."", ""Spread mixture on apples.""]","[""apples"", ""1/2 c. sugar"", ""1 tsp. cinnamon"", ""1/4 c. sugar"", ""1 c. flour"", ""dash of salt"", ""1/2 c. corn flake crumbs"", ""1 stick oleo""]"
Sausage Balls,Breakfast,560,46,18,24,"[""Bisquick"", ""sausage"", ""Cheddar cheese""]","['c', 'lb', 'oz']","['2', '1', '8']",www.cookbooks.com/Recipe-Details.aspx?id=586592,"[""Mix sausage and cheese together."", ""Add Bisquick and mix thoroughly."", ""Roll into medium size balls."", ""Bake at 350\u00b0 for 15 minutes or until golden brown.""]","[""2 c. Bisquick"", ""1 lb. sausage"", ""8 oz. pkg. Cheddar cheese, grated""]"
Consomme Chicken,Lunch,160,6,4,20,"[""chicken"", ""cream of chicken soup"", ""consomme"", ""rice"", ""salt"", ""pepper""]","['none', 'can', 'can', 'c', 'none', 'none']","['none', '1', '1', '2', 'none', 'none']",www.cookbooks.com/Recipe-Details.aspx?id=1078857,"[""Add enough liquid to chicken soup and consomme to make 4 cups of water."", ""Season with salt and pepper."", ""Cook at 350\u00b0 for 1 hour.""]","[""chicken parts"", ""1 can cream of chicken soup"", ""1 can consomme"", ""2 c. rice"", ""salt to taste"", ""pepper to taste""]"
Spanish Hamburgers,Lunch,584,14,40,68,"[""celery"", ""onions"", ""butter"", ""ground beef"", ""vinegar"", ""lemon juice"", ""brown sugar"", ""mustard"", ""salt"", ""pepper"", ""catsup"", ""water""]","['c', 'none', 'tbsp', 'lb', 'tbsp', 'tbsp', 'tbsp', 'tbsp', 'tsp', 'tsp', 'c', 'c']","['1/2', '2', '2', '1', '2', '2', '2', '1 1/2', '1', '1 1/2', '1', '1']",www.cookbooks.com/Recipe-Details.aspx?id=467221,"[""Brown celery, onions and ground beef in butter."", ""Add vinegar, lemon juice, brown sugar, mustard, salt, pepper catsup and water. Simmer for 30 minutes.""]","[""1/2 c. celery"", ""2 chopped onions"", ""2 Tbsp. butter"", ""1 lb. ground beef"", ""2 Tbsp. vinegar"", ""2 Tbsp. lemon juice"", ""2 Tbsp. brown sugar"", ""1 1/2 Tbsp. mustard"", ""1 tsp. salt"", ""1 1/2 tsp. pepper"", ""1 c. catsup"", ""1 c. water""]"
Egg Drop Soup,Lunch,146,8,2,16,"[""chicken broth"", ""cornstarch"", ""egg"", ""green onion""]","['oz', 'tbsp', 'none', 'tbsp']","['13 3/4', '1', '1', '2']",www.cookbooks.com/Recipe-Details.aspx?id=801543,"[""In saucepan slowly stir the chicken broth into cornstarch. Cook, stirring constantly, until slightly thickened."", ""Slowly pour in the well beaten egg; stir once gently."", ""Remove from heat. Garnish with sliced green onion."", ""Makes 4 servings.""]","[""2 (13 3/4 oz.) cans chicken broth"", ""1 Tbsp. cornstarch"", ""1 well beaten egg"", ""2 Tbsp. sliced (1/4-inch) green onion""]"
Mulled Cider,Dinner,234,0,58,0,"[""apple juice"", ""allspice"", ""whole cloves"", ""cinnamon"", ""brown sugar""]","['none', 'tsp', 'tsp', 'none', 'c']","['1/2', '1', '1', '1', '1']",www.cookbooks.com/Recipe-Details.aspx?id=945627,"[""Simmer all of the ingredients."", ""Strain into warmed mugs and top"", ""with"", ""a"", ""dash of nutmeg."", ""This recipe can be doubled many times, according to the number of guests present.""]","[""1/2 gal. apple juice"", ""1 tsp. allspice"", ""1 tsp. whole cloves"", ""1 cinnamon stick"", ""1 c. brown sugar""]"
Sesame Ginger Chicken,Dinner,500,14,64,30,"[""sesame seed"", ""grated ginger"", ""honey"", ""soy sauce"", ""chicken"", ""vegetable cooking spray"", ""thin green onion strips""]","['tbsp', 'tsp', 'tbsp', 'tbsp', 'oz', 'none', 'none']","['1', '2', '2', '2', '4', 'none', 'none']",www.cookbooks.com/Recipe-Details.aspx?id=352931,"[""Combine first 4 ingredients in a small bowl, stir well and set aside."", ""Place chicken between 2 sheets of waxed paper or heavy duty plastic wrap, and flatten to 1/4-inch thickness, using meat mallet or rolling pin."", ""Coat grill rack with cooking spray; place on grill over coals."", ""Place chicken on rack and cook 4 minutes on each side, basting frequently with soy sauce mixture."", ""Transfer chicken to a serving platter and garnish with green onion, if desired."", ""Yields 4 servings, about 200 calories.""]","[""1 Tbsp. sesame seed, toasted"", ""2 tsp. grated ginger"", ""2 Tbsp. honey"", ""2 Tbsp. reduced-sodium soy sauce"", ""4 (4 oz.) skinned chicken breast halves"", ""vegetable cooking spray"", ""thin green onion strips""]"
Egg Casserole,Breakfast,738,48,36,40,"[""Vidalia onion"", ""fresh mushrooms"", ""green peppers"", ""clove garlic"", ""olive oil"", ""bread"", ""eggs"", ""milk""]","['none', 'oz', 'none', 'none', 'none', 'piece', 'none', 'none']","['1', '16', '2', '1', 'none', '6', '6', 'none']",www.cookbooks.com/Recipe-Details.aspx?id=656149,"[""Saute together first 5\tingredients."", ""In a separate 9 x 12-inch pan, mix bread, eggs"", ""and"", ""milk."", ""Put"", ""pieces of bread into"", ""pan; add your"", ""vegetables,"", ""then"", ""your"", ""eggs."", ""Place\tin refrigerator overnight (at least 8 hours).\tAdd Cheddar cheese before cooking."", ""Bake at 350\u00b0 for 1 hour.""]","[""1 Vidalia onion, chopped"", ""1 (16 oz.) pkg. fresh mushrooms"", ""2 green peppers"", ""1 clove garlic"", ""olive oil"", ""6 pieces bread (buttered with either butter or margarine)"", ""6 eggs"", ""milk (as much as you would like; to fluff eggs)""]"
Cranberry-Apple-Orange Salad,Lunch,420,16,56,14,"[""cranberries"", ""sugar"", ""apple"", ""orange"", ""orange gelatin"", ""nuts""]","['oz', 'c', 'none', 'none', 'oz', 'c']","['12', '1', '1', '1', '3', '1/2']",www.cookbooks.com/Recipe-Details.aspx?id=302909,"[""In food processor or blender, grind cranberries, apple and orange."", ""Mix with sugar and set aside."", ""Prepare gelatin according to package directions, using 1/4 cup less of cold water."", ""Chill until it begins to thicken."", ""Add cranberry mixture and nuts."", ""Mix well."", ""Pour into a mold, if desired, or leave in a bowl and stir before serving."", ""Chill until set."", ""Can even be made a day ahead. Keeps well in refrigerator for a few days.""]","[""1 (12 oz.) bag raw cranberries (2 c.)"", ""1 c. sugar"", ""1 medium apple, peeled, cored and cut into wedges"", ""1 orange, peeled, seeded and broken in wedges"", ""1 (3 oz.) pkg. orange gelatin"", ""1/2 c. nuts (optional)""]"
Brown Rice,Dinner,428,2,88,10,"[""rice"", ""beef consomme"", ""onion soup"", ""mushrooms"", ""margarine""]","['c', 'can', 'can', 'oz', 'stick']","['1', '1', '1', '4', '1/2']",www.cookbooks.com/Recipe-Details.aspx?id=330188,"[""Put in a covered 1 1/2-quart dish."", ""Bake 1 hour at 350\u00b0.""]","[""1 c. raw rice"", ""1 can beef consomme"", ""1 can French onion soup"", ""1 (4 oz.) can mushrooms"", ""1/2 stick margarine, cut up""]"
Cranberry Salad,Lunch,420,16,56,14,"[""cream cheese"", ""margarine"", ""sugar"", ""cranberry sauce"", ""pineapple"", ""walnuts"", ""whipping cream""]","['oz', 'tbsp', 'tbsp', 'oz', 'c', 'c', 'c']","['3', '2', '2', '16', '3/4', '1/2', '1']",www.cookbooks.com/Recipe-Details.aspx?id=427420,"[""Mix cream cheese, margarine and sugar."", ""Add fruit and walnuts. Whip cream and fold into fruit and cream cheese mixture."", ""Pour into round mold."", ""Freeze 6 hours."", ""Remove from mold shortly before serving."", ""Makes 12 servings.""]","[""2 (3 oz.) pkg. softened cream cheese"", ""2 Tbsp. margarine"", ""2 Tbsp. sugar"", ""1 (16 oz.) can whole berry cranberry sauce"", ""3/4 c. crushed pineapple, drained"", ""1/2 c. chopped walnuts"", ""1 c. whipping cream""]"
Cheese Dip,Lunch,160,12,4,6,"[""Velveeta cheese"", ""Italian tomatoes"", ""green chili peppers"", ""onion"", ""garlic"", ""salt""]","['lb', 'oz', 'none', 'none', 'none', 'tsp']","['2', '15', '2', '1/2', '3', '1/2']",www.cookbooks.com/Recipe-Details.aspx?id=756385,"[""Dice tomatoes and peppers."", ""Combine all ingredients in top of double boiler for 30 minutes."", ""Serve hot over corn chips.""]","[""2 lb. Velveeta cheese"", ""1 (15 oz.) can Italian tomatoes"", ""2 small cans green chili peppers"", ""1/2 medium onion, minced"", ""3 cloves garlic"", ""1/2 tsp. salt""]"
Funnel Cake,Breakfast,552,30,58,14,"[""flour"", ""salt"", ""soda"", ""sugar"", ""baking powder"", ""egg"", ""milk"", ""oil"", ""powdered sugar""]","['c', 'tsp', 'tsp', 'tbsp', 'tbsp', 'none', 'c', 'none', 'none']","['1 1/3', '1 1/4', '1/2', '2', '3/4', '1', '2/3', 'none', 'none']",www.cookbooks.com/Recipe-Details.aspx?id=1071347,"[""Sift first 5 ingredients together in a bowl."", ""Mix egg and milk together; add to dry ingredients."", ""Beat until smooth."", ""Hold finger over bottom of a funnel; pour in some batter."", ""Remove finger to let batter drop."", ""Drop batter in a spiral motion into pan filled with 1 inch of hot oil (375\u00b0)."", ""Fry until golden brown, turning once."", ""Remove from pan; drain on a paper towel."", ""Sprinkle with powdered sugar and serve hot.""]","[""1 1/3 c. flour"", ""1 1/4 tsp. salt"", ""1/2 tsp. soda"", ""2 Tbsp. sugar"", ""3/4 Tbsp. baking powder"", ""1 egg, beaten"", ""2/3 c. milk (more if batter is too thick)"", ""oil (for frying)"", ""powdered sugar""]"
Fast Real Good Fudge,Dessert,168,2,36,0,"[""confectioners sugar"", ""cocoa"", ""nuts"", ""margarine"", ""Velveeta"", ""vanilla""]","['lb', 'c', 'c', 'lb', 'lb', 'tbsp']","['4', '1', '1', '1', '1', '1']",www.cookbooks.com/Recipe-Details.aspx?id=505741,"[""In large bowl, put confectioners sugar, cocoa and chopped nuts."", ""In saucepan, put margarine and Velveeta."", ""Melt and add vanilla."", ""Pour hot mixture over sugar mixture."", ""Mix quickly and pour into buttered cookie sheet."", ""Cool and cut into squares.""]","[""4 lb. confectioners sugar"", ""1 c. cocoa"", ""1 c. chopped nuts"", ""1 lb. margarine (not whipped)"", ""1 lb. Velveeta"", ""1 Tbsp. vanilla""]"
Squash Casserole,Dinner,540,48,42,18,"[""squash"", ""onions"", ""sour cream"", ""carrots"", ""chicken"", ""stuffing mix"", ""butter"", ""salt""]","['lb', 'none', 'pt', 'none', 'can', 'pkg', 'stick', 'none']","['3', '3', '1', '3', '2', '1', '1', 'none']",www.cookbooks.com/Recipe-Details.aspx?id=548780,"[""Cook squash, onions and carrots until tender."", ""Mash."", ""Melt butter in pan; stir in stuffing until all is coated."", ""Drain all water from squash."", ""Stir in sour cream and soup."", ""Place in a greased baking dish a layer of squash and a layer of stuffing. Bake at 350\u00b0 for 35 minutes.""]","[""3 lb. squash"", ""3 onions"", ""1 pt. sour cream"", ""3 carrots, grated"", ""2 cans chicken or mushroom soup"", ""1 pkg. Pepperidge Farm stuffing mix"", ""1 stick butter"", ""salt and pepper to taste""]"
Cheese Ball,Lunch,280,16,30,4,"[""cream cheese"", ""Cheddar cheese"", ""pimento"", ""green pepper"", ""onion"", ""lemon juice"", ""Worcestershire sauce"", ""Tabasco sauce"", ""salt""]","['pkg', 'c', 'tbsp', 'tbsp', 'tbsp', 'tsp', 'tsp', 'none', 'none']","['2', '2', '1', '1', '1', '1', '2', 'none', 'none']",www.cookbooks.com/Recipe-Details.aspx?id=443102,"[""Combine softened cream and Cheddar cheeses."", ""Add chopped up items."", ""Mix and add liquids last."", ""Mix well."", ""Roll into ball and cover with chopped nuts.""]","[""2 pkg. cream cheese"", ""2 c. shredded Cheddar cheese (8 oz.)"", ""1 Tbsp. chopped pimento"", ""1 Tbsp. chopped green pepper"", ""1 Tbsp. chopped onion"", ""1 tsp. lemon juice"", ""2 tsp. Worcestershire sauce"", ""dash of Tabasco sauce"", ""dash of salt""]"
Apricot Salad,Lunch,440,50,28,4,"[""apricot jello"", ""sugar"", ""cream cheese"", ""jars Junior baby food"", ""pineapple"", ""milk"", ""water""]","['none', 'c', 'oz', 'jar', 'oz', 'none', 'c']","['1', '2/3', '8', '2', '20', '1', '2/3']",www.cookbooks.com/Recipe-Details.aspx?id=367924,"[""Dissolve jello in boiling water; add sugar."", ""Blend in the cream cheese with a fork."", ""Add can of crushed pineapple and apricot baby food."", ""Refrigerate."", ""Chill can of milk."", ""When jello starts to set, take milk out of the refrigerator and beat until stiff."", ""Fold partially set jello into cream."", ""Chopped nuts can be used for garnish."", ""This is a large salad; could fill a 2-quart mold or 2 (1-quart) molds."", ""Serves about 12.""]","[""1 large pkg. apricot jello (6 oz.)"", ""2/3 c. sugar"", ""1 (8 oz.) pkg. cream cheese"", ""2 jars Junior baby food apricots"", ""1 (No. 2) can crushed pineapple (20 oz.)"", ""1 tall can evaporated milk, chilled and whipped"", ""2/3 c. water""]"
Pound Cake,Dinner,860,48,98,14,"[""flour"", ""sugar"", ""baking powder"", ""salt"", ""eggs"", ""margarine"", ""butter"", ""sweet milk"", ""vanilla""]","['c', 'c', 'tsp', 'none', 'none', 'stick', 'c', 'c', 'none']","['3', '3', '1/2', '3', '5', '2', '1/2', '1', '1']",www.cookbooks.com/Recipe-Details.aspx?id=62866,"[""Have all ingredients at room temperature. Hand stir all dry ingredients together. Add eggs and stir. Add butter and Crisco and stir. Add milk and stir. Put batter in"", ""mixer and beat at high speed until well blended. Add 1 to 2 teaspoons of your favorite flavoring and mix well. Pour batter into greased and floured tube pan. Place in cold oven. Bake at 325\u00b0 for 1 hour and 20 to 30 minutes.""]","[""3 c. plain flour (cake flour may be substituted for plain flour)"", ""3 c. sugar"", ""1/2 tsp. baking powder"", ""3 dashes of salt"", ""5 eggs"", ""2 sticks margarine"", ""1/2 c. butter flavor Crisco"", ""1 c. sweet milk"", ""1 to 2 Tbsp. flavoring (lemon, vanilla or almond or a combination of the 3)""]"
Monkey Bread,Breakfast,720,26,110,10,"[""bread"", ""margarine"", ""brown sugar"", ""vanilla pudding"", ""milk"", ""cinnamon""]","['none', 'c', 'c', 'none', 'tbsp', 'none']","['2', '1/2', '1', '1', '2', 'none']",www.cookbooks.com/Recipe-Details.aspx?id=211506,"[""Use greased 9 x 13-inch pan or Bundt pan."", ""Melt butter; add brown sugar, pudding, milk and cinnamon."", ""Break up 1 loaf into round balls; place in pan."", ""Pour mixture over and break second loaf over this."", ""Rise 2 1/2 to 3 hours."", ""Bake 30 minutes at 350\u00b0; turn out immediately to cool.""]","[""2 loaves frozen bread, softened"", ""1/2 c. margarine"", ""1 c. brown sugar"", ""1 large box vanilla pudding (not instant)"", ""2 Tbsp. milk"", ""cinnamon to taste""]"
Chicken Roll-Ups,Dinner,620,36,54,22,"[""crescent rolls"", ""cheese"", ""hen"", ""cream of chicken soup"", ""milk""]","['oz', 'c', 'none', 'can', 'c']","['8', '1 1/2', '1', '1', '1 1/2']",www.cookbooks.com/Recipe-Details.aspx?id=449613,"[""Unroll crescent rolls; add cooked chicken and grated cheese. Wrap roll over chicken and cheese; pinch sides together.""]","[""1 (8 oz.) can crescent rolls"", ""1 1/2 c. grated medium or sharp cheese"", ""1 hen, cooked and diced"", ""1 can cream of chicken soup"", ""1 1/2 c. milk""]"
Beef And Spanish Rice Casserole,Dinner,1040,42,72,94,"[""Spanish rice"", ""corned beef"", ""onion"", ""Cheddar cheese""]","['can', 'can', 'none', 'c']","['1', '1', '1', '1/2']",www.cookbooks.com/Recipe-Details.aspx?id=244485,"[""Spray a 1-quart casserole dish with Pam."", ""Layer rice and meat, diced onion and grated cheese."", ""Bake at 350\u00b0 for 25 to 30 minutes.""]","[""1 can Spanish rice"", ""1 can corned beef"", ""1 diced onion"", ""1/2 c. grated Cheddar cheese""]"
Baked Beans,Dinner,764,26,108,28,"[""pork"", ""bell pepper"", ""onions"", ""catsup"", ""brown sugar"", ""salt"", ""black pepper"", ""ground beef"", ""oil""]","['lb', 'c', 'c', 'c', 'c', 'tsp', 'tsp', 'lb', 'tbsp']","['1', '1/2', '1/2', '3/4', '1/3', '1', '1/3', '1', '1']",www.cookbooks.com/Recipe-Details.aspx?id=775763,"[""Cook onions and bell pepper in oil until onions are transparent."", ""Add beef and cook until brown."", ""Mix all ingredients together."", ""Bake in 350\u00b0 oven for 45 minutes, or after mixing together, pour in crock-pot and cook 6 to 10 hours on low.""]","[""3 (1 lb.) cans pork and beans"", ""1/2 c. bell pepper, chopped"", ""1/2 c. onions, chopped"", ""3/4 c. catsup"", ""1/3 c. brown sugar, packed hard"", ""1 tsp. salt"", ""1/3 tsp. black pepper"", ""1 lb. ground beef"", ""1 Tbsp. oil""]"
Sweet-N-Sour Chicken,Dinner,448,12,56,30,"[""chicken"", ""shortening"", ""onion"", ""carrot chunks"", ""water"", ""chicken"", ""brown sugar"", ""cornstarch"", ""ginger"", ""catsup"", ""vinegar"", ""soy sauce"", ""green pepper"", ""pineapple""]","['c', 'tbsp', 'c', 'c', 'c', 'none', 'c', 'tbsp', 'tsp', 'c', 'tbsp', 'tbsp', 'c', 'oz']","['2', '2', '1/2', '2', '1 1/4', '3', '1/4', '2', '1/4', '1/4', '2', '1', '1', '8']",www.cookbooks.com/Recipe-Details.aspx?id=228506,"[""Saute onion in 2 tablespoons shortening."", ""Add carrots, water and bouillon cubes."", ""Simmer 5 minutes."", ""Combine next 6 ingredients."", ""Add to vegetable mixture and cook until clear."", ""Add pepper, pineapple and chicken."", ""Cover and simmer 5 minutes or until heated through."", ""Serve with rice or angel hair noodles. Serves 6 people.""]","[""2 c. diced cooked chicken"", ""2 Tbsp. shortening"", ""1/2 c. onion (large chunks)"", ""2 c. carrot chunks"", ""1 1/4 c. water"", ""3 chicken bouillon cubes"", ""1/4 c. packed brown sugar"", ""2 Tbsp. cornstarch"", ""1/4 tsp. ginger"", ""1/4 c. catsup"", ""2 Tbsp. vinegar"", ""1 Tbsp. soy sauce"", ""1 c. green pepper (large chunks)"", ""8 oz. pineapple chunks""]"
Ambrosia,Dinner,260,10,36,4,"[""oranges"", ""moist coconut"", ""pecans"", ""cherries"", ""sugar"", ""orange juice""]","['none', 'c', 'c', 'c', 'c', 'c']","['8', '1', '1/2', '1/2', '1/4', '1']",www.cookbooks.com/Recipe-Details.aspx?id=342478,"[""Combine all ingredients. Chill overnight."", ""Yields 4 to 6 servings.""]","[""8 to 10 juicy oranges, peeled and diced"", ""1 c. moist coconut"", ""1/2 c. pecans, chopped"", ""1/2 c. cherries, halved"", ""1/4 c. sugar"", ""1 c. orange juice""]"
Crazy Peanut Butter Cookies,Lunch,430,20,52,8,"[""peanut butter"", ""sugar"", ""egg""]","['c', 'c', 'none']","['1', '1', '1']",www.cookbooks.com/Recipe-Details.aspx?id=892363,"[""Mix together and roll into balls; flatten with fork."", ""Bake on ungreased cookie sheet."", ""Makes 2 dozen."", ""Quick, easy and good.""]","[""1 c. creamy peanut butter"", ""1 c. sugar"", ""1 egg""]"
Brickle Bars,Lunch,248,10,38,4,"[""yellow cake mix"", ""eggs"", ""margarine"", ""milk"", ""pecans""]","['box', 'none', 'c', 'can', 'c', 'c']","['1', '2', '1/3', '1', '1', '1/2']",www.cookbooks.com/Recipe-Details.aspx?id=351194,"[""Mix together with a fork:"", ""cake mix, 1 egg and margarine. Press into a 13 x 9-inch pan."", ""Next mix Eagle Brand milk, 1 egg, pecans and Bits 'O Brickle."", ""Pour over cake mixture."", ""Bake 30 minutes at 350\u00b0."", ""Let cool and cut into bars.""]","[""1 box yellow cake mix"", ""2 eggs"", ""1/3 c. soft margarine"", ""1 can Eagle Brand milk"", ""1 c. pecans"", ""1/2 c. Bits 'O Brickle""]"
